Title,Company,Location,Link
Frontend Engineer,Amazon Web Services,"Seattle, WA",https://stackoverflow.com/jobs/381766
Sr. Server Engineer,Hipla Technologies Pvt. Ltd,"Kolkata, India",https://stackoverflow.com/jobs/378444
Urgent Requirement for Senior PHP Developer,Sun Dew Solutions Pvt Ltd,"Kolkata, India",https://stackoverflow.com/jobs/408617
React Native Developer,Acute Informatics Pvt. Ltd,"Ahmedabad, India",https://stackoverflow.com/jobs/406587
Front End Engineer,Amazon Web Services,"Seattle, WA",https://stackoverflow.com/jobs/381870
"Software Development Engineer, AWS (Seattle, WA)",Amazon Web Services,"Dallas, TX",https://stackoverflow.com/jobs/381805
Software Development Engineer - Distributed Systems,Amazon Web Services,"Seattle, WA",https://stackoverflow.com/jobs/381765
"Software Engineer, Release",Auth0,No office location,https://stackoverflow.com/jobs/397340
Full Stack Software Engineer - Cloud Management,Infiot,"San Jose, CA",https://stackoverflow.com/jobs/396326
Junior or Mid-Level Full Stack Engineer (React & Node or Ruby) - Teespring - LA,Source Coders Inc,"Los Angeles, CA",https://stackoverflow.com/jobs/408574
Senior Full-Stack Developer | 100% Remote | (US Only),GovSpend,No office location,https://stackoverflow.com/jobs/252175
Principal Engineer (Remote Europe),Impala,No office location,https://stackoverflow.com/jobs/408548
Engineering Manager / Lead,Impala,No office location,https://stackoverflow.com/jobs/408488
Frontend Engineer,Impala,No office location,https://stackoverflow.com/jobs/408485
Fullstack Developer,Dvdasjobs,"Surat, India",https://stackoverflow.com/jobs/358759
[DTS] TCS Interactive テクニカルマネージャー/テクニカルリード,日本タタ・コンサルタンシー・サービシズ株式会社,"Minato City, Japan",https://stackoverflow.com/jobs/346129
PHP Developer,Jobrecourse,,https://stackoverflow.com/jobs/407105
Java Developer,Fine Jobs,"Chennai, India",https://stackoverflow.com/jobs/352749
Senior Android Developer,HexaCorp LLC,"Chennai, India",https://stackoverflow.com/jobs/408242
Team Lead - Engineering,BuzzBoard,"Hyderabad, India",https://stackoverflow.com/jobs/408234
Frontend React and HTML5 Developer with CANVAS/SVG experience,Scalable Path,No office location,https://stackoverflow.com/jobs/408212
Solutions Engineer (Post-Sales),Rollbar,"San Francisco, CA",https://stackoverflow.com/jobs/408208
Senior Software Engineer - Automation (SDET),Rollbar,"San Francisco, CA",https://stackoverflow.com/jobs/408207
React Engineer | Native or Web | 100% Remote,G2i Inc,No office location,https://stackoverflow.com/jobs/229077
Web Developer (m/w/d) für innovative Web-Anwendungen,Neoskop GmbH,"Hannover, Deutschland",https://stackoverflow.com/jobs/368938
Software Engineer - Algorithms,Criteo,"Paris, France",https://stackoverflow.com/jobs/280581
Cloud Architect,uShip,"Austin, TX",https://stackoverflow.com/jobs/408185
Senior Backend Engineer,Tava Health,"Salt Lake City, UT",https://stackoverflow.com/jobs/408181
Senior Systems Engineer,Future PLC,"Bath, UK",https://stackoverflow.com/jobs/397037
Frontend Developer (m/w/d),Tchibo GmbH,"Hamburg, Deutschland",https://stackoverflow.com/jobs/333785
Webアプリケーション開発フルスタックエンジニア,株式会社Widsley,"Shibuya City, Japan",https://stackoverflow.com/jobs/389652
Senior Android Developer,Digia,"Helsinki, Finland",https://stackoverflow.com/jobs/408104
Senior iOS Developer,Digia,"Helsinki, Finland",https://stackoverflow.com/jobs/408103
リードエンジニア(フルスタック),株式会社node,"Minato City, Japan",https://stackoverflow.com/jobs/408044
Junior Full Stack Software Engineer,Warner MusicviaHays plc,"Haymarket, Australia",https://stackoverflow.com/jobs/333490
Principal Developer,Airtime RewardsviaMRJ Recruitment,"Manchester, UK",https://stackoverflow.com/jobs/407924
Distributed Systems Engineer,Aerial Applications,"Washington, DC",https://stackoverflow.com/jobs/370904
Senior Front End Engineer,Aerial Applications,"Washington, DC",https://stackoverflow.com/jobs/370900
Senior AWS Engineer,iFit,No office location,https://stackoverflow.com/jobs/379310
Principal Fullstack Engineer [100% REMOTE],Clevertech,No office location,https://stackoverflow.com/jobs/407801
Fullstack Engineer,Wildlife Studios,"BMS, Argentina",https://stackoverflow.com/jobs/405866
Angular Developer,Ucodice Technologies Private LImited,"Noida, India",https://stackoverflow.com/jobs/407674
リードエンジニア,合同会社DMM.com,"Minato City, Japan",https://stackoverflow.com/jobs/317538
プログラマー,株式会社 ワイズネット,"Chiyoda City, Japan",https://stackoverflow.com/jobs/318547
Senior Node Engineer [100% REMOTE],Clevertech,No office location,https://stackoverflow.com/jobs/407469
Principal Backend Engineer (Node) [100% REMOTE],Clevertech,No office location,https://stackoverflow.com/jobs/407465
PHP Developer / Software Programmer,iGuru Software Solutions,"Kolkata, India",https://stackoverflow.com/jobs/378438
CakePHP/CI Developer,GN Infotech,"Kolkata, India",https://stackoverflow.com/jobs/348159
SPARK HADOOP DEVELOPER,Inference Labs,"Bengaluru, India",https://stackoverflow.com/jobs/345572
Développeur Full-Stack JavaScript (React/Node) en Remote,SkillValue,No office location,https://stackoverflow.com/jobs/387926
Big data Hadoop Administrator,i2t2 inc,"Hyderabad, India",https://stackoverflow.com/jobs/345537
Hadoop Administrator,ScaleIn,"Bengaluru, India",https://stackoverflow.com/jobs/345528
Frontend Developer,Banjo,"South Jordan, UT",https://stackoverflow.com/jobs/345274
"Software architect, Front End",Docler Holding,Luxembourg,https://stackoverflow.com/jobs/396584
最先端技術研究/企画/開発フルスタックエンジニア,株式会社Widsley,"Shibuya City, Japan",https://stackoverflow.com/jobs/388409
Software Engineer (Defense/Intel),Esri,"Vienna, VA",https://stackoverflow.com/jobs/396336
Software Engineer – JavaScript,Esri,"Redlands, CA",https://stackoverflow.com/jobs/396335
Principal Software Engineer,Bulb Energy,"London, UK",https://stackoverflow.com/jobs/396264
Senior JavaScript Developer Trainer,Kinsta,No office location,https://stackoverflow.com/jobs/396254
Azure Developer /Admin,IT Business Management Solutions India Private Limited,"Bengaluru, India",https://stackoverflow.com/jobs/388194
Webシステム開発エンジニア,株式会社アットマークテクノ,"Sapporo, Japan",https://stackoverflow.com/jobs/396125
Mid-Level Full Stack Engineer,Amida Technology Solutions,"Washington, DC",https://stackoverflow.com/jobs/406882
"Lead Developer: Node, GraphQL, Web & Mobile Apps, Greenfield Products",Chalkboard,"Manchester, UK",https://stackoverflow.com/jobs/395743
DevOps @ Arweave,Arweave,No office location,https://stackoverflow.com/jobs/396082
Sr. Technical Program Manager,ADCI HYD 13 SEZ,"Hyderabad, India",https://stackoverflow.com/jobs/396837
Systems Development Engineer 4,WELLS FARGO BANK,"Bengaluru, India",https://stackoverflow.com/jobs/406803
Programmer Analyst,ADCI HYD 13 SEZ,"Hyderabad, India",https://stackoverflow.com/jobs/396752
React Native JS Developer with Node experience (1-3 years Experience),Mobilects Software Solutions,"Bengaluru, India",https://stackoverflow.com/jobs/406793
Senior Software Engineer - Fullstack (UCM),SumTotal,"Hyderabad, India",https://stackoverflow.com/jobs/406774
Node.js Freelancer,West agile labs,"Hyderabad, India",https://stackoverflow.com/jobs/372056
海外向けプラットフォーム開発,株式会社キャリアデザインITパートナーズ,"Minato City, Japan",https://stackoverflow.com/jobs/406734
アプリケーションエンジニア,ARアドバンストテクノロジ株式会社,"Osaka, Japan",https://stackoverflow.com/jobs/406721
Big Data Developers - All Levels - U.S. Citizens Only,Mission Focus,"Alexandria, VA",https://stackoverflow.com/jobs/308635
Front-end Software Engineer,Houwzer,"Philadelphia, PA",https://stackoverflow.com/jobs/406666
Développeur Full Stack – Poste CDI – Lyon,SkillValue,"Lyon, France",https://stackoverflow.com/jobs/406659
"Senior Full Stack Engineer, Tech for Good, React/Node, London/WFH, £70-95,000",Feedr - Food/Health Tech StartupviaConfido Talent,"London, UK",https://stackoverflow.com/jobs/366138
PHP Wordpress Developer,Onus Infotech,"Surat, India",https://stackoverflow.com/jobs/406592
.Net Developer,Blue Chip Hr Solutions,"Chennai, India",https://stackoverflow.com/jobs/395214
保育園完備 子連れ出勤OK 【ママエンジニア募集】ブランクありでもOK,チアーマザーズ株式会社,"Taito City, Japan",https://stackoverflow.com/jobs/340186
Senior Software Engineer,Outschool,"San Francisco, CA",https://stackoverflow.com/jobs/406476
Senior Software Engineer - Infrastructure,Outschool,"San Francisco, CA",https://stackoverflow.com/jobs/386170
"Senior Backend Developer (Node, Event-Driven)",Nacelle,No office location,https://stackoverflow.com/jobs/395509
Fullstack Developer with Cloud Knowledge (m/f/d),SPRING | Axel Springer,"Berlin, Deutschland",https://stackoverflow.com/jobs/406431
Backend Developer (m/w/x),Lindera GmbH,"Berlin, Deutschland",https://stackoverflow.com/jobs/406422
テクニカルマネージャー/テクニカルリード,日本タタ・コンサルタンシー・サービシズ株式会社,"Minato City, Japan",https://stackoverflow.com/jobs/351937
基盤デザイン・構築・ビッグデータ解析,株式会社アイソル,"Shinagawa City, Japan",https://stackoverflow.com/jobs/354071
プログラマー,株式会社 ワイズネット,"Chiyoda City, Japan",https://stackoverflow.com/jobs/316904
Senior/Lead Developer – PHP,Ignite Solutions,"Pune, India",https://stackoverflow.com/jobs/365821
Drupal Developer,CompuMatrice,"Pune, India",https://stackoverflow.com/jobs/365832
Senior Application Developer,Liventus,"Bengaluru, India",https://stackoverflow.com/jobs/322420
Web Developer,Agile Soft Systems,"Pune, India",https://stackoverflow.com/jobs/368233
Senior iOS Engineer (Swift),Wisely,No office location,https://stackoverflow.com/jobs/406293
Senior Full-Stack Engineer (Vue/Node),Wisely,No office location,https://stackoverflow.com/jobs/405895
Mid-Senior Frontend Developer,MediXall.com,"Fort Lauderdale, FL",https://stackoverflow.com/jobs/406266
Senior GO Engineer,News UK,"London, UK",https://stackoverflow.com/jobs/277200
"Senior Lead Software Engineer, Architecture",DraftKings,"Boston, MA",https://stackoverflow.com/jobs/406259
React Developer,HaysviaHays plc,"Raleigh, NC",https://stackoverflow.com/jobs/368001
Senior Full Stack Engineer (REMOTE),Sector Labs,No office location,https://stackoverflow.com/jobs/406197
Security Engineer - Application Security,Peakon,"London, UK",https://stackoverflow.com/jobs/376804
Senior (Angular) Frontend Developer,Backbase,"Amsterdam, Netherlands",https://stackoverflow.com/jobs/387166
Security Engineer - Application Security,Peakon,"København, Denmark",https://stackoverflow.com/jobs/376803
(Angular) Senior Frontend Engineer,Backbase,"Amsterdam, Netherlands",https://stackoverflow.com/jobs/406183
Goエンジニア/インターネット/Webサービス・ASP,株式会社 ZEALS,"Shinagawa City, Japan",https://stackoverflow.com/jobs/402846
WEBエンジニア (自社メディア),株式会社Eat Smart,"Minato City, Japan",https://stackoverflow.com/jobs/328225
PHP/Wordpress Developer,Giriraj Digital,"Ahmedabad, India",https://stackoverflow.com/jobs/329628
Angular Developer,Labridge Consulting,"Chennai, India",https://stackoverflow.com/jobs/406096
MEAN Stack Developer,Inception Labs,"Chennai, India",https://stackoverflow.com/jobs/406066
Full stack Typescript engineer - flexible perm/contract,MoveGB,"Bath, UK",https://stackoverflow.com/jobs/405878
"Developer - ""Docker / Kubernete Core Engineering""",SAP,"Bengaluru, India",https://stackoverflow.com/jobs/368342
Senior Machine Learning Engineer,Creditvidya,"Hyderabad, India",https://stackoverflow.com/jobs/354628
DevOps Engineer,Xtglobal Infotech Limited,"Hyderabad, India",https://stackoverflow.com/jobs/395033
SRE/マイクロサービスアーキテクトチーム,合同会社DMM.com,"Minato City, Japan",https://stackoverflow.com/jobs/376295
Principal Partner Solution Architect – World Famous US startup in Bengaluru!,CareerXperts,"Bengaluru, India",https://stackoverflow.com/jobs/328751
Full Stack Developer,AlphaGrep Securities,"Mumbai, India",https://stackoverflow.com/jobs/405253
PostgreSQL Developer,Vayve Technologies,"Mumbai, India",https://stackoverflow.com/jobs/405250
"Sitecore Developer (C#, JavaScript, HTML, CSS)",Mapleton Hill,"Boulder, CO",https://stackoverflow.com/jobs/88591
Senior Full Stack Engineer,Applied,"London, UK",https://stackoverflow.com/jobs/394902
Lead Software Development Consultant,Stride Consulting,"New York, NY",https://stackoverflow.com/jobs/297366
Lead Software Development Consultant,Stride Consulting,"New York, NY",https://stackoverflow.com/jobs/387404
Lead Software Development Consultant,Stride Consulting,"New York, NY",https://stackoverflow.com/jobs/387405
JavaScript/TypeScript Node Developer - Remote Full-Time W2,TSP Consulting,"Mount Laurel Township, NJ",https://stackoverflow.com/jobs/394891
Mobile Developer (iOS / Android / Full-Stack),HaysviaHays plc,"Atlanta, GA",https://stackoverflow.com/jobs/394890
Senior Full Stack Software Engineer (React & Django),Sector Labs,"Cluj-Napoca, Romania",https://stackoverflow.com/jobs/241611
Principal Full Stack Software Engineer (React & Django),Sector Labs,"Cluj-Napoca, Romania",https://stackoverflow.com/jobs/249484
Full Stack Java Developer for a Growing Company,Rethink Solutions,"Toronto, ON, Canada",https://stackoverflow.com/jobs/353160
Php Developer,BlazingCoders,"Coimbatore, India",https://stackoverflow.com/jobs/405016
React Native Developer,Acute Informatics Pvt Ltd (CMMI Level-3),"Ahmedabad, India",https://stackoverflow.com/jobs/404963
Backend Developer,Sare Technology,"Ahmedabad, India",https://stackoverflow.com/jobs/399585
インフラエンジニア,auコマース&ライフ株式会社,"Shibuya City, Japan",https://stackoverflow.com/jobs/404822
インフラエンジニア,株式会社Cygames,"Shibuya City, Japan",https://stackoverflow.com/jobs/404821
SREエンジニア/インターネット/Webサービス・ASP,株式会社 ZEALS,"Shinagawa City, Japan",https://stackoverflow.com/jobs/404414
Python / Production Escalation Engineer – ScaleUp,CareerXperts,"Bengaluru, India",https://stackoverflow.com/jobs/404222
React Native - Full Stack Developer,Node.Digital LLC,"Hyderabad, India",https://stackoverflow.com/jobs/366780
"Full Stack Software Engineer (Node.js, React, AWS) - Remote",Deep Consulting Solutions,No office location,https://stackoverflow.com/jobs/404045
Senior JavaScript Developer,Cypress.io,"Atlanta, GA",https://stackoverflow.com/jobs/307194
Senior Kafka Developer,Kreative Technologies,"Fairfax, VA",https://stackoverflow.com/jobs/403367
CI/CD Toolchain Developer,Segula Technologies Sweden,"Gothenburg, Sweden",https://stackoverflow.com/jobs/394262
Node JS BackEnd Engineer,Facile.it,"Milan, Italy",https://stackoverflow.com/jobs/394247
Lead Application & Product Architect,Wolters Kluwer,"Coppell, TX",https://stackoverflow.com/jobs/351354
Senior Backend Engineer,Deep Impact AG,"Winterthur, Switzerland",https://stackoverflow.com/jobs/403328
Java Full Stack Developer,Prescient Technologies,"Hyderabad, India",https://stackoverflow.com/jobs/403315
Job Opportunity - Full Stack Developer(Java),Datadot Software Solutions,"Hyderabad, India",https://stackoverflow.com/jobs/403304
Mean Stack Developer,Invictus DigiSoft,"Noida, India",https://stackoverflow.com/jobs/403250
PHP Developer,Acesrta Networks,"Chennai, India",https://stackoverflow.com/jobs/327473
PHP Developer (Node/AngularJS),Momentum Software,,https://stackoverflow.com/jobs/389247
Software Developers (WFH - For Now),La Net Team Software Solutions Pvt. Ltd.,"Surat, India",https://stackoverflow.com/jobs/393749
Java Full Stack Developer,FIK E-Commerce,"Hyderabad, India",https://stackoverflow.com/jobs/326785
Front End Developer,Tripoto,"New Delhi, India",https://stackoverflow.com/jobs/326527
Software Engineer - Web Technologies (PHP/Node),LogicQuad Technology,"New Delhi, India",https://stackoverflow.com/jobs/326456
Software Engineer/Architect,Daugherty Business Solutions,"Minneapolis, MN",https://stackoverflow.com/jobs/242494
PHP Developer,Nile Technologies,"Noida, India",https://stackoverflow.com/jobs/326445
Implementation Specialist - Online Visitor Engagement (OVE) solutions,itForte,"Hyderabad, India",https://stackoverflow.com/jobs/325449
Senior Magento Developers,Accugile,"Coimbatore, India",https://stackoverflow.com/jobs/324393
Full Stack Developer - asp.net MVC,Resemble Systems,"Bengaluru, India",https://stackoverflow.com/jobs/324039
Jr. WEB DEVELOPER,WeCraft Solutions,"Navi Mumbai, India",https://stackoverflow.com/jobs/323703
PHP DEVELOPER,PurpleTalk,"Hyderabad, India",https://stackoverflow.com/jobs/323448
Senior Front-End Web Developer,Liventus,"Bengaluru, India",https://stackoverflow.com/jobs/322413
Lead Software Engineer,Clearcover,"Chicago, IL",https://stackoverflow.com/jobs/403103
OCaml Developer (100% remote),simplestaking.com ltd,No office location,https://stackoverflow.com/jobs/403091
Angular Developer (100% remote),simplestaking.com ltd,No office location,https://stackoverflow.com/jobs/403067
Senior JavaScript Engineer (Node/React) - Learn Serverless!,CazooviaTalent Point,"London, UK",https://stackoverflow.com/jobs/393526
(Senior) Frontend Engineer - TypeScript/Angular for Cloud Telephony (m/f/d),NFON AG,"Berlin, Deutschland",https://stackoverflow.com/jobs/365918
Drupal Developer(3-8)yrs,Anubavam Technologies Pvt. Ltd.,"Chennai, India",https://stackoverflow.com/jobs/402959
React Native Developer,BEESBUZZ SMART TECHNOLOGIES,"Chennai, India",https://stackoverflow.com/jobs/402923
Senior Full Stack Software Engineer,Glowforge,"Seattle, WA",https://stackoverflow.com/jobs/393295
Senior Tech Specialist (m/f/d) - JS Fullstack,Motius GmbH,"München, Deutschland",https://stackoverflow.com/jobs/402749
Senior Full Stack PHP Developer,Bark.com,"London, UK",https://stackoverflow.com/jobs/402736
Lead Front-End Engineer,ING,"Amsterdam, Netherlands",https://stackoverflow.com/jobs/402734
"Frontend Engineer, Smart TV Apps",DAZN,"London, UK",https://stackoverflow.com/jobs/365433
DevOps Engineer,audibene,"Denver, CO",https://stackoverflow.com/jobs/374543
PHP-Node Backend Developer,Simform,"Ahmedabad, India",https://stackoverflow.com/jobs/385075
PHP Developer,Global Audio Text Solutions Pvt. Ltd.,"Noida, India",https://stackoverflow.com/jobs/402501
Senior UI Developer (Angular),Ultria,"Bengaluru, India",https://stackoverflow.com/jobs/352211
フロントエンドエンジニア,株式会社イマジカデジタルスケープ,"Chuo City, Japan",https://stackoverflow.com/jobs/402283
Senior Frontend Developer (React/Angular/Node),Sytac IT Consulting,"Amsterdam, Netherlands",https://stackoverflow.com/jobs/142357
システムエンジニア,シビレ株式会社,"Saga, Japan",https://stackoverflow.com/jobs/402281
"Software Engineer, Frontend",Smile (CA),No office location,https://stackoverflow.com/jobs/401817
React Native or ReactJS Developer,prosourceIT,"Miami, FL",https://stackoverflow.com/jobs/383837
Java/Microservices Developer,prosourceIT,"Miami, FL",https://stackoverflow.com/jobs/383836
Technical Lead-MERN,Wipro Digital,"Bengaluru, India",https://stackoverflow.com/jobs/401741
Security Architect,SAP,"Bengaluru, India",https://stackoverflow.com/jobs/384689
サーバシステム開発エンジニア(LAMP),SBヒューマンキャピタル株式会社,"Shibuya City, Japan",https://stackoverflow.com/jobs/401608
Senior PHP Developer (m/f/d),GPORTAL,"München, Deutschland",https://stackoverflow.com/jobs/393017
React Native Developer,Hashstudioz Technologies,"Noida, India",https://stackoverflow.com/jobs/393976
"Fresher – Software Developer (PHP/MySQL, eCommerce, WordPress)",Triple One Group,"Noida, India",https://stackoverflow.com/jobs/401283
Full Stack Developer /software Developer,Talent Zone Consultants,"Mumbai, India",https://stackoverflow.com/jobs/359783
Full Stack Nuxt JS Developer,Nacelle,No office location,https://stackoverflow.com/jobs/384138
Site Reliability Engineer,Nielsen Global Connect,"Chicago, IL",https://stackoverflow.com/jobs/339916
"Senior Web Engineer, Fullstack",Homer,No office location,https://stackoverflow.com/jobs/392984
数字化开发经理,Siemens AG,"Suzhou, China",https://stackoverflow.com/jobs/401257
Sr. Full Stack Engineer (React & Node or Ruby) - Teespring - Full Remote or LA,Source Coders Inc,"Los Angeles, CA",https://stackoverflow.com/jobs/392834
Software Architects (Multiple Locations),Salesforce,"Seattle, WA",https://stackoverflow.com/jobs/364250
Software Architects (Multiple Locations),Salesforce,"San Francisco, CA",https://stackoverflow.com/jobs/364249
Full-Stack Software Engineer,FactSet,"Austin, TX",https://stackoverflow.com/jobs/350964
Lead Member Technical Staff,Salesforce,"Hyderabad, India",https://stackoverflow.com/jobs/364197
(Senior) Intershop Entwickler (m/w/d),Smart Commerce SE,"Jena, Germany",https://stackoverflow.com/jobs/205222
Webエンジニア(インターン・アルバイト),株式会社node,"Minato City, Japan",https://stackoverflow.com/jobs/401074
リードエンジニア(フロントエンド),株式会社node,"Minato City, Japan",https://stackoverflow.com/jobs/401064
Data Scientist - Analytics Engineer,"JPMorgan Chase Bank, N.A.","Jersey City, NJ",https://stackoverflow.com/jobs/400926
Android Software Engineer,Zuhlke Engineering Ltd,"Manchester, UK",https://stackoverflow.com/jobs/351271
"Senior Full Stack Engineer (multiple openings) - Remote, USA ONLY",SocialChorus,No office location,https://stackoverflow.com/jobs/371379
Full-Stack JavaScript Developer,Anyfin AB,"Stockholm, Sweden",https://stackoverflow.com/jobs/400711
"(Senior) DevOps Engineer (m/f) - Warsaw, Poland",Westwing Home & Living,"Warschau, Polen",https://stackoverflow.com/jobs/392565
Lead software engineer (full-stack JS/TS),Didask,"Bagnolet, France",https://stackoverflow.com/jobs/400612
Rapids UI Developer,"JPMorgan Chase Bank, N.A.","New York, NY",https://stackoverflow.com/jobs/400453
Full Stack Developer,Univision Technocon,"Bengaluru, India",https://stackoverflow.com/jobs/392289
Android App Developer,ReddySys,"Hyderabad, India",https://stackoverflow.com/jobs/373349
Java Developers(Banking Domain),infiniminds,"Mumbai, India",https://stackoverflow.com/jobs/400282
Infrastructure/Site Reliability Engineer (São Paulo - Brazil),Wildlife Studios,"São Paulo, Brazil",https://stackoverflow.com/jobs/304703
Full Stack Developer (Node / Angular),HaysviaHays plc,"Reston, VA",https://stackoverflow.com/jobs/363170
Senior Software Engineer (Fullstack),BUMP,"London, UK",https://stackoverflow.com/jobs/373213
Lead Java Software Engineer,Zuhlke Engineering Ltd,"London, UK",https://stackoverflow.com/jobs/118595
iOS Software Engineer,Zuhlke Engineering Ltd,"Manchester, UK",https://stackoverflow.com/jobs/351342
iOS Software Engineer,Zuhlke Engineering Ltd,"London, UK",https://stackoverflow.com/jobs/241282
Android Software Engineer,Zuhlke Engineering Ltd,"London, UK",https://stackoverflow.com/jobs/174366
Drupal Developer,Anubavam,"Chennai, India",https://stackoverflow.com/jobs/400023
Webエンジニア,株式会社node,"Minato City, Japan",https://stackoverflow.com/jobs/399885
Site Reliability Engineer W/M,EPFL - Blue Brain Project,"Genève, Switzerland",https://stackoverflow.com/jobs/354281
DevOps Engineer,Asymmetrik,"Annapolis Junction, MD",https://stackoverflow.com/jobs/371431
Software Engineers - Lisbon,OVO Group,"Lisbon, Portugal",https://stackoverflow.com/jobs/381000
Software Engineers - Bristol,OVO Group,"Bristol, UK",https://stackoverflow.com/jobs/362074
"(Senior) DevOps Engineer (m/f/d) - Munich, Germany",Westwing Home & Living,"München, Deutschland",https://stackoverflow.com/jobs/391674
PHP/ Node Developer,mastersoftwaresolutions,"Sahibzada Ajit Singh Nagar, India",https://stackoverflow.com/jobs/382683
Software Engineers - London,OVO Group,"London, UK",https://stackoverflow.com/jobs/362603
Software Engineer/ Architect,Daugherty Business Solutions,"Creve Coeur, MO",https://stackoverflow.com/jobs/382530
Data & Analytics,Daugherty Business Solutions,"Creve Coeur, MO",https://stackoverflow.com/jobs/382529
Solutions Architect,NewWave,"Baltimore, MD",https://stackoverflow.com/jobs/321890
Full Stack Developer,NewWave,"Baltimore, MD",https://stackoverflow.com/jobs/321897
JavaScript Frontend Software Engineer for Scientific Visualization (W/M),EPFL - Blue Brain Project,"Genève, Switzerland",https://stackoverflow.com/jobs/372725
Web & Web App Developer - Mid Level,SATS Academy Pvt Ltd,"Kolkata, India",https://stackoverflow.com/jobs/382485
Senior React.js Developer,Gnosis Service GmbH,"Berlin, Germany",https://stackoverflow.com/jobs/399227
Software Engineer,Barbaricum,"Springfield, VA",https://stackoverflow.com/jobs/296004
Rust Developer (100% remote),simplestaking.com ltd,No office location,https://stackoverflow.com/jobs/382213
Front-end Software Engineer,Billhop,"Stockholm, Sweden",https://stackoverflow.com/jobs/315089
Back-end Software Engineer,Billhop,"Stockholm, Sweden",https://stackoverflow.com/jobs/315077
Web App Developer - Mid Level,SATS Academy Pvt Ltd,"Kolkata, India",https://stackoverflow.com/jobs/399136
Team Lead - Engineering + 6 yrs,BuzzBoard India Pvt Ltd,"Hyderabad, India",https://stackoverflow.com/jobs/386998
Job opportunity | DevOps Engineer | Product based company | Hyderabad,Xtglobal Infotech Limited,"Hyderabad, India",https://stackoverflow.com/jobs/399100
Sr. PHP Developer,Treegain technologies,"Noida, India",https://stackoverflow.com/jobs/399018
Principal Mobile Developer,TrueMotion,"Boston, MA",https://stackoverflow.com/jobs/371825
Node Js Developer,Alliance Recruitment Agency,"Ahmedabad, India",https://stackoverflow.com/jobs/381157
Node JS Developer,[x]cube LABS,"Hyderabad, India",https://stackoverflow.com/jobs/372067
Asset Manager Platform - Risk as a Service - Front End Developer - Associate,"JPMorgan Chase Bank, N.A.","New York, NY",https://stackoverflow.com/jobs/398193
Node Engineer,"Yum! Brands, Inc.","Plano, TX",https://stackoverflow.com/jobs/360848
Full Stack Javascript Developer,Formstack,"Fishers, IN",https://stackoverflow.com/jobs/398173
Software Engineer Lead,Practichem,No office location,https://stackoverflow.com/jobs/387395
Mid-Level Node Javascript Developer (Ecommerce Startup),Whitebox,"Baltimore, MD",https://stackoverflow.com/jobs/201049
Sr Node Javascript Developer at Ecommerce Startup,Whitebox,"Baltimore, MD",https://stackoverflow.com/jobs/236851
Mobile Developer (iOS / Android / Full-Stack),HaysviaHays plc,"Atlanta, GA",https://stackoverflow.com/jobs/398106
"Senior Web Engineer - Backend Node.js, Typescript, PHP",Canva,"Sydney, Australia",https://stackoverflow.com/jobs/305234
RUST Developer (m/w/d),Gnosis Service GmbH,"Berlin, Germany",https://stackoverflow.com/jobs/347414
Site Reliability Engineer,G42viaExecutive Solutions,"Abu Dhabi, United Arab Emirates",https://stackoverflow.com/jobs/336285
MeanStack web Developer,West Advanced Technologies (WATI),"Hyderabad, India",https://stackoverflow.com/jobs/371988
Frontend Developer,Bombay Softwares,"Ahmedabad, India",https://stackoverflow.com/jobs/397945
Node JS Developer,Zymr,"Ahmedabad, India",https://stackoverflow.com/jobs/397936
PHP Developer,Voolsy Networks Pvt Ltd,"Ahmedabad, India",https://stackoverflow.com/jobs/394553
Senior PHP Developer 8 + yrs,vSplash Techlabs Pvt Ltd,"Hyderabad, India",https://stackoverflow.com/jobs/392092
Associate Architect,Pegasystems,"Hyderabad, India",https://stackoverflow.com/jobs/392091
Node Engineer,"Yum! Brands, Inc.","Chicago, IL",https://stackoverflow.com/jobs/314051
Join us scale our backend for a better future of housing for everyone,Home HT,"Berlin, Germany",https://stackoverflow.com/jobs/201217
Senior React Developer (Remote),X-Team,No office location,https://stackoverflow.com/jobs/277612
(Senior) Frontend Engineer - TypeScript/Angular for Cloud Telephony (m/f/d),NFON AG,"München, Deutschland",https://stackoverflow.com/jobs/390285
Python+ Hadoop Developer,forstaffing india,"Mumbai, India",https://stackoverflow.com/jobs/359793
Senior Frontend Engineer,Voice,"Brooklyn, NY",https://stackoverflow.com/jobs/371432
Front-end Engineer,Glowforge,"Seattle, WA",https://stackoverflow.com/jobs/376905
Java Developer,Xactware,"Lehi, UT",https://stackoverflow.com/jobs/293750
Front End Web Developer,Xactware,"Lehi, UT",https://stackoverflow.com/jobs/293752
Staff Front-End Engineer,Docler Holding,Luxembourg,https://stackoverflow.com/jobs/246029
Python Solution Architect,FullStackTechies,"Bengaluru, India",https://stackoverflow.com/jobs/380352
Python Technical Lead,FullStackTechies,"Bengaluru, India",https://stackoverflow.com/jobs/380325
